{
  "@module": "pymatgen.core.structure",
  "@class": "Structure",
  "charge": 0,
  "lattice": {
    "matrix": [
      [
        3.900398,
        0.0,
        0.0
      ],
      [
        -1.950199,
        3.377844,
        0.0
      ],
      [
        0.0,
        0.0,
        6.355691
      ]
    ],
    "pbc": [
      true,
      true,
      true
    ],
    "a": 3.900398,
    "b": 3.9003982140208455,
    "c": 6.355691,
    "alpha": 90.0,
    "beta": 90.0,
    "gamma": 119.99999818486417,
    "volume": 83.73582204581426
  },
  "properties": {},
  "sites": [
    {
      "species": [
        {
          "element": "H",
          "occu": 1
        }
      ],
      "abc": [
        0.333333,
        0.666667,
        0.25
      ],
      "properties": {
        "magmom": 0.382
      },
      "label": "H",
      "xyz": [
        -1.9501990000669878e-06,
        2.251897125948,
        1.58892275
      ]
    },
    {
      "species": [
        {
          "element": "H",
          "occu": 1
        }
      ],
      "abc": [
        0.666667,
        0.333333,
        0.75
      ],
      "properties": {
        "magmom": 0.382
      },
      "label": "H",
      "xyz": [
        1.950200950199,
        1.125946874052,
        4.76676825
      ]
    }
  ]
}